Title,Status,Priority,Created,Due,Tags,Notes,ID1,ID2
"a1",Pending,Medium,2025-08-06,,"","",,
"Complete quarterly report",Pending,Today,2025-08-02,2025-08-05,"today","",,
"Revenue analysis",Completed,Medium,2025-08-02,,"","",,
"Cost breakdown",Completed,Low,2025-08-02,2025-08-15,"","",,
"Future project       ",Completed,H,2025-08-02,,"","",,
"Test Task From Script",Pending,High,2025-08-05,2025-08-06,"","",,
"Team meeting preparation",Pending,High,2025-08-02,,"","",,
"subsub task edit",Pending,Medium2025--8-08,2025-08-02,2025-08-08,"","",,
"New Task",Pending,Medium,2025-08-14,,"","",,
"Update documentation",Pending,Low,2025-08-02,,"documentation;api;v2;low-priority","",,
"Review code changes",Pending,Medium,2025-08-02,2025-08-03,"subtag","",,
"Check security vulnerabilitie",Completed,MMedium,2025-08-02,2025-08-08,"subtask-tag1;subtask-tag2","",,
"test proj",Pending,Medium,2025-08-06,,"","",111,222333444555
"New Task",Pending,Medium,2025-08-14,,"","",,
